rank,title,actors,publish_date,country,types,score,vote_count,avatar_url,detail_url
1,憨豆先生精选辑,"['罗温·艾金森', '保罗·布朗', '理查德·布赖尔斯', 'Angus Deayton', '罗宾·德里斯科尔', '卡罗琳·昆汀', 'Rudolph Walker', '理查德·威尔逊']",1997,['英国'],['喜剧'],9.6,4509,https://img9.doubanio.com/view/photo/s_ratio_poster/public/p2354179225.webp,https://movie.douban.com/subject/5133063/
2,美丽人生,"['罗伯托·贝尼尼', '尼可莱塔·布拉斯基', '乔治·坎塔里尼', '朱斯蒂诺·杜拉诺', '赛尔乔·比尼·布斯特里克', '玛丽萨·帕雷德斯', '霍斯特·布赫霍尔茨', '利迪娅·阿方西', '朱利亚娜·洛约迪切', '亚美利哥·丰塔尼', '彼得·德·席尔瓦', '弗朗西斯·古佐', '拉法埃拉·莱博罗尼', '克劳迪奥·阿方西', '吉尔·巴罗尼', '马西莫·比安奇', '恩尼奥·孔萨尔维', '吉安卡尔洛·科森蒂诺', '阿伦·克雷格', '汉尼斯·赫尔曼', '弗兰科·梅斯科利尼', '安东尼奥·普雷斯特', '吉娜·诺维勒', '理查德·塞梅尔', '安德烈提多娜', '迪尔克·范登贝格', '奥梅罗·安东努蒂', '沈晓谦', '张欣']",2020-01-03,['意大利'],"['剧情', '喜剧', '爱情', '战争']",9.5,932153,https://img3.doubanio.com/view/photo/s_ratio_poster/public/p2578474613.webp,https://movie.douban.com/subject/1292063/
3,福尔摩斯二世,"['巴斯特·基顿', '凯瑟琳·麦奎尔', '乔·基顿', 'Ward Crane', 'Jane Connelly', 'George Davis', 'Doris Deane', 'Betsy Ann Hisle', '丘比·摩根', 'John Patrick', 'Ford West']",1924-04-21,['美国'],"['喜剧', '动作', '爱情']",9.5,11707,https://img1.doubanio.com/view/photo/s_ratio_poster/public/p2206737207.webp,https://movie.douban.com/subject/1303408/
4,黄子华栋笃笑之金盆𠺘口,['黄子华'],2018-07-06,['中国香港'],['喜剧'],9.5,1287,https://img1.doubanio.com/view/photo/s_ratio_poster/public/p2527089368.webp,https://movie.douban.com/subject/30203557/
5,拽妹黛薇儿要上大学了没,"['John Lynn', 'Amir Williams', '马克·汤普森', 'Becca Lish', '温迪胡普斯', '莎拉·德鲁', 'Bart Fasbender', '费舍·史蒂芬斯', '吉奥弗瑞·阿伦德']",2002-01-21,['USA'],"['剧情', '喜剧', '动画']",9.4,1343,https://img1.doubanio.com/view/photo/s_ratio_poster/public/p2529714509.webp,https://movie.douban.com/subject/2054458/
6,摩登时代,"['查理·卓别林', '宝莲·高黛', '亨利·伯格曼', '蒂尼·桑福德', '切斯特·康克林', '汉克·曼', '斯坦利·布莱斯通', '阿尔·欧内斯特·加西亚', '理查德·亚历山大', '塞西尔·雷诺兹', '米拉·麦金尼', '默多克·麦夸里', '威尔弗雷德·卢卡斯', '爱德华·勒桑', '弗雷德·马拉泰斯塔', '萨米·斯坦', '特德·奥利弗', '诺曼·安斯利', '博比·巴伯', '海尼·康克林', '格洛丽亚·德黑文', '帕特·弗莱厄蒂', '弗兰克·哈格尼', '帕特·哈蒙', '劳埃德·英格拉哈姆', '沃尔特·詹姆斯', '爱德华·金博尔', '杰克·洛', '巴迪·梅辛杰', '布鲁斯·米切尔', '弗兰克·莫兰', '詹姆斯·C·莫顿', '路易·纳托', 'J·C·纽金特', '拉斯·鲍威尔', '约翰兰德', '哈里·威尔逊']",1936-02-25,['美国'],"['剧情', '喜剧', '爱情']",9.3,188369,https://img1.doubanio.com/view/photo/s_ratio_poster/public/p2263408369.webp,https://movie.douban.com/subject/1294371/
7,城市之光,"['查理·卓别林', '弗吉尼亚·切瑞尔', '佛罗伦斯·李', '亨利·伯格曼', '珍·哈露', '哈利·迈耶斯', '约翰兰德', '罗伯特·帕里什', '罗伯特·格雷夫斯']",1931-01-30,['美国'],"['喜剧', '剧情', '爱情']",9.3,83115,https://img1.doubanio.com/view/photo/s_ratio_poster/public/p2170238828.webp,https://movie.douban.com/subject/1293908/
8,极品基老伴：完结篇,"['伊恩·麦克莱恩', '德里克·雅各比', '弗朗西斯·德·拉·图瓦', '伊万·瑞恩', '玛西娅·沃伦', '菲利普-沃斯', '艾琳·阿特金斯', '弗兰西斯·巴贝', '阿利斯泰尔·布拉默', '理查德·加德']",2016-06-19,['英国'],"['喜剧', '同性']",9.3,18720,https://img3.doubanio.com/view/photo/s_ratio_poster/public/p2509440210.webp,https://movie.douban.com/subject/26700818/
9,西蒙·阿姆斯特尔：顺其自然,['西蒙·阿姆斯特尔'],2010,['英国'],['喜剧'],9.3,2275,https://img9.doubanio.com/view/photo/s_ratio_poster/public/p2184490255.webp,https://movie.douban.com/subject/6309377/
10,丹尼尔·斯洛斯：现场表演,['丹尼尔·斯洛斯'],2018-09-11,['美国'],['喜剧'],9.3,2005,https://img3.doubanio.com/view/photo/s_ratio_poster/public/p2536540213.webp,https://movie.douban.com/subject/30312425/
11,迪兰·莫兰：脱身,['迪兰·莫兰'],2015-11-30,['英国'],['喜剧'],9.3,1110,https://img1.doubanio.com/view/photo/s_ratio_poster/public/p2298274199.webp,https://movie.douban.com/subject/26691373/
12,三傻大闹宝莱坞,"['阿米尔·汗', '卡琳娜·卡普尔', '马达范', '沙尔曼·乔希', '奥米·瓦依达', '博曼·伊拉尼', '莫娜·辛格', '拉杰夫·拉宾德拉纳特安', 'Atul Tiwari', '阿里·法扎勒', '帕里卡沙特.萨赫尼', 'Rakesh Sharma', 'Javed Jaffrey']",2011-12-08,['印度'],"['剧情', '喜剧', '爱情', '歌舞']",9.2,1305103,https://img3.doubanio.com/view/photo/s_ratio_poster/public/p579729551.webp,https://movie.douban.com/subject/3793023/
13,疯狂动物城,"['金妮弗·古德温', '杰森·贝特曼', '伊德里斯·艾尔巴', '珍妮·斯蕾特', '内特·托伦斯', '邦尼·亨特', '唐·雷克', '汤米·钟', 'J·K·西蒙斯', '奥克塔维亚·斯宾瑟', '艾伦·图代克', '夏奇拉', '雷蒙德·S·佩尔西', '德拉·萨巴', '莫里斯·拉马奇', '菲尔·约翰斯顿', '约翰·迪·马吉欧', '凯蒂·洛斯', '吉塔·雷迪', '杰西·科尔蒂', '汤米·利斯特', '乔希·达拉斯', '瑞奇·摩尔', '凯斯·索西', '彼得·曼斯布里奇', '拜伦·霍华德', '杰拉德·布什', '马克·史密斯', '乔西·特立尼达', '约翰·拉维尔', '克里斯汀·贝尔', '吉尔·科德斯', '梅利莎·古德温', '季冠霖', '李楠', '容祖儿', '黄子华', '佟心竹', '蔡依林', '戴维德·迪格斯', '张震', '尼古拉斯·格斯特']",2016-03-04,['美国'],"['喜剧', '动画', '冒险']",9.2,1219597,https://img1.doubanio.com/view/photo/s_ratio_poster/public/p2315672647.webp,https://movie.douban.com/subject/25662329/
14,大话西游之大圣娶亲,"['周星驰', '吴孟达', '朱茵', '蔡少芬', '蓝洁瑛', '莫文蔚', '罗家英', '刘镇伟', '陆树铭', '李健仁', '付博文', '胡立成', '金永钢', '吴珏瑾', '江约诚', '许敬义']",2014-10-24,"['中国香港', '中国大陆']","['喜剧', '爱情', '奇幻', '古装']",9.2,1027099,https://img9.doubanio.com/view/photo/s_ratio_poster/public/p2455050536.webp,https://movie.douban.com/subject/1292213/
15,触不可及,"['弗朗索瓦·克鲁塞', '奥玛·希', '安娜·勒尼', '奥德雷·弗勒罗', '托马·索利韦尔', '克洛蒂尔德·莫勒', '多萝特博里埃', '皮埃尔-罗兰·巴纳隆', '萨丽马特·卡马特', '艾米丽·卡恩', '阿尔芭·贝露琪', '海迪·布奇纳法']",2011-11-02,['法国'],"['剧情', '喜剧']",9.2,682879,https://img9.doubanio.com/view/photo/s_ratio_poster/public/p1454261925.webp,https://movie.douban.com/subject/6786002/
16,寻子遇仙记,"['查理·卓别林', '卡尔·米勒', '艾德娜·珀薇安丝', '杰基·库根', '艾伯特·奥斯汀', 'Nellie Bly Baker', '亨利·伯格曼', 'Edward Biby', 'B.F. Blinn', 'Kitty Bradbury', '弗兰克·坎皮沃', 'Bliss Chevalier', 'Robert Dunbar', '丽泰·格雷', 'Jules Hanft', 'Kathleen Kay', 'Raymond Lee', 'Clyde McAtee', 'Lew Parker', '艾斯特·罗尔斯顿', 'Granville Redmond', '查尔斯·赖斯纳', 'Edgar Sherrod', 'Arthur Thalasso', 'S.D. Wilcox', '汤姆·威尔森']",1921-02-06,['美国'],"['剧情', '喜剧', '家庭']",9.2,24026,https://img9.doubanio.com/view/photo/s_ratio_poster/public/p2506524685.webp,https://movie.douban.com/subject/1293270/
17,你逃我也逃,"['卡洛·朗白', '杰克·本尼', '罗伯特·斯塔克', '菲利克斯·布雷萨特', '莱昂内尔·阿特威尔', 'Adolf E. Licho', 'George Lynn', '奥拉夫·许滕', '约翰·凯洛格', 'Hans Schumm', 'Charles Irwin', '西戈·鲁曼', '拉斯·鲍威尔', 'Wolfgang Zilzer', ""Armand 'Curly' Wright"", 'Henry Victor', '罗兰德·瓦尔诺', 'Ernö Verebes', 'Otto Reichow', 'Gene Rizzi', '哈利韦尔·霍布斯', '查尔斯·霍尔顿', '迈尔斯·曼德', 'John Meredith', 'Maurice Murphy', '赫尔穆特·丹丁', '斯坦利·里吉斯', '弗兰克·雷歇尔', '鲁道夫·安德斯', '莱兰·霍奇森', 'Maude Eburne', '汤姆·杜根', 'James Finlayson', 'Leslie Denison', 'Alec Craig', 'Sven Hugo Borg']",1942-03-06,['美国'],"['喜剧', '战争']",9.2,21178,https://img3.doubanio.com/view/photo/s_ratio_poster/public/p1339915772.webp,https://movie.douban.com/subject/1303418/
18,马戏团,"['阿尔·欧内斯特·加西亚', '梅尔纳·肯尼迪', '哈里·克罗克', 'George Davis', '亨利·伯格曼', '蒂尼·桑福德', '约翰兰德', '查理·卓别林', '艾伯特·奥斯汀', '斯坦利·布莱斯通', '海尼·康克林', 'Toraichi Kono', '贝蒂莫里西', ""L.J. O'Connor"", '杰克 P. 皮尔斯', 'Hugh Saxon', 'Armand Triller', '吉恩·巴瑞', '乔治·W·戴维斯']",1928-01-06,['美国'],"['喜剧', '爱情']",9.2,11164,https://img3.doubanio.com/view/photo/s_ratio_poster/public/p1959764913.webp,https://movie.douban.com/subject/1299628/
19,狐妖小红娘剧场版：王权富贵,"['杨天翔', '刘校妤', '乔诗语', '魏超', '阎萌萌', '张凯', '范哲琛']",2016-05-20,['中国大陆'],"['剧情', '喜剧', '爱情']",9.2,6136,https://img3.doubanio.com/view/photo/s_ratio_poster/public/p2409467410.webp,https://movie.douban.com/subject/26946612/
20,欢乐树的朋友们：第二发球,"['沃伦·格拉夫', 'Rhode Montijo', '凯恩·纳瓦罗']",2003,['美国'],"['喜剧', '动画']",9.2,4281,https://img3.doubanio.com/view/photo/s_ratio_poster/public/p2559163201.webp,https://movie.douban.com/subject/1393471/
21,欢乐树的朋友们：第三击,"['Liz Stuart', 'Ken Pontac', '凯恩·纳瓦罗', '沃伦·格拉夫', 'Rhode Montijo']",2004-08-01,['美国'],"['喜剧', '动画']",9.2,3478,https://img3.doubanio.com/view/subject/l/public/s1806711.jpg,https://movie.douban.com/subject/1393472/
22,怦然心动,"['玛德琳·卡罗尔', '卡兰·麦克奥利菲', '瑞贝卡·德·莫妮', '安东尼·爱德华兹', '约翰·马奥尼', '佩内洛普·安·米勒', '艾丹·奎因', '凯文·韦斯曼', '摩根·莉莉', '瑞安·克茨纳', '吉莉安·普法夫', '迈克尔·博萨', '博·勒纳', '杰奎琳·埃沃拉', '泰勒·格鲁秀斯', '艾莉·布莱恩特', '阿什莉·泰勒', '伊瑟尔·布罗萨德', '科迪·霍恩', '迈克尔·博尔顿', '肖恩·哈珀', '斯戴芬妮·斯考特', '帕特丽夏·伦茨', '马修·戈尔德', '阿罗拉·凯瑟琳·史密斯', '凯莉·唐纳利', '索菲亚·撒高', '米歇尔·梅斯默', 'Scott Joel Gizicki', 'Rod Myers', 'Kara Pacitto', 'Katelyn Pacitto']",2010-07-26,['美国'],"['剧情', '喜剧', '爱情']",9.1,1208684,https://img1.doubanio.com/view/photo/s_ratio_poster/public/p501177648.webp,https://movie.douban.com/subject/3319755/
23,寻梦环游记,"['安东尼·冈萨雷斯', '盖尔·加西亚·贝纳尔', '本杰明·布拉特', '阿兰娜·乌巴赫', '芮妮·维克托', '杰米·卡米尔', '阿方索·阿雷奥', '赫伯特·西古恩萨', '加布里埃尔·伊格莱西亚斯', '隆巴多·博伊尔', '安娜·奥菲丽亚·莫吉亚', '娜塔丽·科尔多瓦', '赛琳娜·露娜', '爱德华·詹姆斯·奥莫斯', '索菲亚·伊斯皮诺萨', '卡拉·梅迪纳', '黛娅娜·欧特里', '路易斯·瓦尔德斯', '布兰卡·阿拉切利', '萨尔瓦多·雷耶斯', '切奇·马林', '奥克塔维·索利斯', '约翰·拉岑贝格', '以利亚·罗德里格斯']",2017-11-24,['美国'],"['喜剧', '动画', '奇幻', '音乐']",9.1,1014863,https://img1.doubanio.com/view/photo/s_ratio_poster/public/p2503997609.webp,https://movie.douban.com/subject/20495023/
24,两杆大烟枪,"['杰森·弗莱明', '德克斯特·弗莱彻', '尼克·莫兰', '杰森·斯坦森', '斯蒂文·麦金托什', '斯汀', '维尼·琼斯', '丹尼·约翰-儒勒', '维克多·麦奎尔', '阿兰·福德', '安德鲁·蒂曼', '马修·沃恩', '弗兰克·哈珀', '罗尼·福克斯', '罗伯·布莱顿', '斯蒂芬·马库斯', '瓦斯·布莱克伍德', 'Lenny McLean', '尼古拉斯·罗尔', 'P.H.莫里亚蒂', '薇拉·黛']",1998-08-28,['英国'],"['剧情', '喜剧', '犯罪']",9.1,420298,https://img1.doubanio.com/view/photo/s_ratio_poster/public/p792443418.webp,https://movie.douban.com/subject/1293350/
25,大独裁者,"['查理·卓别林', '宝莲·高黛', '杰克·奥克', '雷金纳德·加德纳', '邱岳峰', '卡特·德黑文', '比利·吉尔伯特', '格蕾斯·海尔']",1940-10-15,['美国'],"['喜剧', '剧情', '战争']",9.1,48415,https://img9.doubanio.com/view/photo/s_ratio_poster/public/p1960167314.webp,https://movie.douban.com/subject/1295646/
26,淘金记,"['查理·卓别林', '马克·斯旺', 'Tom Murray', '亨利·伯格曼', 'Malcolm Waite', '乔治亚·黑尔', 'Jack Adams', 'Sam Allen', 'Harry Arras', '艾伯特·奥斯汀', 'Marta Belfort', 'George Brock', '海尼·康克林', 'Kay Deslys', 'James Dime', 'Leon Farey', 'Charles Force', 'J.C. Fowler', '阿尔·欧内斯特·加西亚', 'Inez Gomez', '希德·格鲁曼', '丽泰·格雷', '雷·格雷', 'F.F. Guenste', 'Jack Herrick', 'George Holt', 'Jean Huntley', 'Gladys Johnston', 'Fred Karno Jr.', 'Elias Lazaroff', 'Joan Lowell', 'Chris-Pin Martin', 'Clyde McAtee', 'John Millerta', '贝蒂莫里西', 'Florence Murth', '约翰兰德', '蒂尼·桑福德', 'Frank Stockdale', 'Frank Rice', 'Lillian Rosine', 'C.F. Roark', 'Armand Triller', 'John Wallace', 'Tom Wood', 'Ed Wilson', 'Bess Wade']",1925-06-26,['美国'],"['喜剧', '爱情', '西部', '冒险']",9.1,32898,https://img3.doubanio.com/view/photo/s_ratio_poster/public/p1581774481.webp,https://movie.douban.com/subject/1298817/
27,将军号,"['巴斯特·基顿', '玛丽昂·马克', '格伦·卡文德', '吉姆·法利', '弗雷德里克·弗鲁姆', '查尔斯·亨利·史密斯', '弗兰克·巴恩斯', '乔·基顿', '麦克·多林', '汤姆·纳恩', '波利斯·卡洛夫', '安东尼·哈维']",1926-12-31,['美国'],"['剧情', '喜剧', '动作', '战争', '冒险']",9.1,15616,https://img3.doubanio.com/view/photo/s_ratio_poster/public/p2248676081.webp,https://movie.douban.com/subject/1292778/
28,流浪者之歌,"['达沃尔·杜伊莫维奇', '博拉·托德洛维奇', 'Ajnur Redzepi', 'Mirsad Zulic', 'Suada Karisik', 'Elvira Sali', 'Husnija Hasimovic', '扎比特·梅梅托夫', '鲁比卡·艾德维奇', 'Sinolicka Trpkova', 'Boris Juh', '普雷德拉格·拉科维奇', 'Marjeta Gregorac', '布兰科·德约里奇', 'Sedrije Halim']",1988-12-21,"['意大利', '英国', '南斯拉夫']","['喜剧', '犯罪', '剧情', '奇幻']",9.1,6006,https://img9.doubanio.com/view/photo/s_ratio_poster/public/p2384320756.webp,https://movie.douban.com/subject/1303525/
29,欢乐树的朋友们,[],2006-05-03,['美国'],"['动画', '喜剧']",9.1,5254,https://img3.doubanio.com/view/photo/s_ratio_poster/public/p2533709702.webp,https://movie.douban.com/subject/4181031/
30,欢乐树的朋友们：赶尽杀绝,"['Ken Pontac', '沃伦·格拉夫', '凯恩·纳瓦罗']",2005-11-28,['美国'],"['动画', '喜剧']",9.1,5181,https://img3.doubanio.com/view/subject/l/public/s1806732.jpg,https://movie.douban.com/subject/3075070/
31,欢乐树的朋友们：滑雪巡逻救生队,"['沃伦·格拉夫', '比利·维斯特', '凯恩·纳瓦罗']",2006-04-12,['美国'],"['喜剧', '动画']",9.1,1582,https://img3.doubanio.com/view/subject/l/public/s3622650.jpg,https://movie.douban.com/subject/3075092/
32,克里斯·洛克：无所畏惧,"['克里斯·洛克', 'Doug E. Fresh', '托尼·洛克']",2004-04-17,['美国'],['喜剧'],9.1,1072,https://img9.doubanio.com/view/photo/s_ratio_poster/public/p2508660995.webp,https://movie.douban.com/subject/2173593/
33,迪兰·莫兰：是什么？,['迪兰·莫兰'],2009,"['英国', '澳大利亚']",['喜剧'],9.1,1005,https://img3.doubanio.com/view/photo/s_ratio_poster/public/p2517976810.webp,https://movie.douban.com/subject/4850732/
34,我不是药神,"['徐峥', '王传君', '周一围', '谭卓', '章宇', '杨新鸣', '王佳佳', '王砚辉', '贾晨飞', '龚蓓苾', '宁浩', '李乃文', '岳小军', '苇青', '富冠铭', '巴拉特·巴蒂', '喜利图', '张海艳', '朱耕佑', '张子贤', '邓飞', '任洛敏', '杜子蓝', '刘兴雷', '宁晓志', '甘昀宸', '石强', '刘頔', '杜家毅', '何李宁', '陈翃', '马千壹']",2018-07-05,['中国大陆'],"['剧情', '喜剧']",9.0,1432787,https://img9.doubanio.com/view/photo/s_ratio_poster/public/p2561305376.webp,https://movie.douban.com/subject/26752088/
35,飞屋环游记,"['爱德华·阿斯纳', '克里斯托弗·普卢默', '乔丹·长井', '鲍勃·彼德森', '德尔罗伊·林多', '杰罗姆·兰福特', '约翰·拉岑贝格', '大卫·卡耶', '艾丽·道克特', '杰里米·利里', '米凯·麦高万', '丹尼·曼恩', '唐纳德·富利洛夫', '杰斯·哈梅尔', '乔什·库雷', '彼特·道格特', '布兰达∙查普曼', '泰迪·牛顿', '保罗·伊丁', '托尼·弗希勒', '雪莉·琳恩']",2009-08-04,['美国'],"['剧情', '喜剧', '动画', '冒险']",9.0,921888,https://img9.doubanio.com/view/photo/s_ratio_poster/public/p485887754.webp,https://movie.douban.com/subject/2129039/
36,大话西游之月光宝盒,"['周星驰', '吴孟达', '罗家英', '蓝洁瑛', '莫文蔚', '江约诚', '陆树铭', '刘镇伟', '朱茵', '李健仁', '许敬义', '胡立成', '蔡少芬']",2014-10-24,"['中国香港', '中国大陆']","['喜剧', '爱情', '奇幻', '古装']",9.0,825636,https://img3.doubanio.com/view/photo/s_ratio_poster/public/p2561721372.webp,https://movie.douban.com/subject/1299398/
37,罗马假日,"['奥黛丽·赫本', '格利高里·派克', '埃迪·艾伯特', '哈特利·鲍尔', '哈考特·威廉姆斯', '玛格丽特·罗林斯', '托里奥·卡米纳提', 'Paolo Carlini', 'Claudio Ermelli', '保拉·布鲁布尼', '里佐·弗雷多里佐', 'Laura Solari', 'Gorella Gori', 'Armando Annuale', '毛里齐奥·阿雷纳', 'Silvio Bagolini', 'Gildo Bocci', '弗兰科·科尔萨罗', 'John Cortay', 'Vittoria Crispo', 'Sidney Gordon', 'Luigi Moneta', 'Piero Pastore', '米莫·波利', 'Carlo Rizzo', 'Gianna Segale', '阿梅代奥·特里利', '海伦·塔布斯', 'Marco Tulli', 'Joop van Hulzen', 'Catherine Wyler', 'Judy Wyler', '陆建艺', '金毅']",1953-08-20,['美国'],"['喜剧', '剧情', '爱情']",9.0,675503,https://img9.doubanio.com/view/photo/s_ratio_poster/public/p2189265085.webp,https://movie.douban.com/subject/1293839/
38,雨中曲,"['吉恩·凯利', '唐纳德·奥康纳', '黛比·雷诺斯', '简·哈根', '米勒德·米切尔', '赛德·查里斯', '达格拉斯·福雷', '丽塔·莫雷诺', '道恩·艾达丝', 'John Albright', 'Betty Allen', 'Bette Arlen', 'David Bair', '玛格丽特·伯特', 'Madge Blake', 'Gail Bonney', 'Chet Brandenburg', '梅·克拉克', 'Harry Cody', 'Chick Collins', 'Pat Conway', 'Jeanne Coyne', 'Fred Datig Jr.', 'Kay Deslys', 'John Dodsworth', '金·多诺万', 'Phil Dunham', '海伦·艾比罗克', 'Richard Emory', 'Tommy Farrell', 'Ernie Flatt', '贝丝·弗劳尔斯', '罗伯特·福捷', 'Dan Foster', 'Robert Foulk', 'Eric Freeman', '凯瑟琳·弗里曼', '兰斯·富勒', '杰克·乔治', 'John George', 'Inez Gorman', 'A. Cameron Grant', 'Beatrice Gray', 'William Hamel', '山姆·哈里斯', 'Timmy Hawkins', 'Jean Heremans', '斯图尔特·霍姆斯', '肯纳G.肯普', '迈克·拉里', '乔伊·兰辛', 'William F. Leicester', 'Sylvia Lewis']",1952-04-11,['美国'],"['喜剧', '歌舞', '爱情']",9.0,142752,https://img9.doubanio.com/view/photo/s_ratio_poster/public/p1612355875.webp,https://movie.douban.com/subject/1293460/
39,西力传,"['伍迪·艾伦', '米亚·法罗', '帕特里克·霍根', '马文恰特诺弗', '保罗·内文斯', 'Howard Erskine', 'George Hamlin', 'Ralph Bell', '理查德·怀廷', 'Edward McPhillips', '盖尔·汉森', '迈克尔·杰特', '皮特·麦克罗比', 'Sol Lomita', '玛丽·路易丝·威尔逊', 'Alice Beardsley', '葆拉·特鲁曼', 'Marianne Tatum', 'Michael Kell', '约翰·罗斯曼', 'Stephanie Farrow', '黛伯拉·拉什', 'Stanley Simmonds', 'Robert Berger', '雅尼娜·杰克逊', '约翰·多马尼安', '威利霍尔特', '苏珊·桑塔格', '欧文·豪', '索尔·贝娄', 'Bricktop', 'Bruno Bettelheim', 'John Morton Blum', 'Ellen Garrison', 'Theodore R. Smits', 'Kuno Sponholz', '艾德·赫利希', 'Dwight Weist', 'Gordon Gould', 'Wendell Craig', '马克斯·阿曼', 'Arthur Anderson', '乔瑟芬·贝克', '迈克尔·布莱文斯', '范妮·布莱斯', 'Wilhelm Brückner', '詹姆斯·卡格尼', '阿尔·卡彭', '查理·卓别林', '约翰·卡尔文·柯立芝', '玛丽恩·戴维斯', '朵乐丝·德里奥', 'Sepp Dietrich', '乔·狄马乔', '玛丽·杜丝勒', 'F·司各特·菲茨杰拉德', 'Lou Gehrig', '约瑟夫·戈培尔', ""Harold 'Red' Grange"", '赫尔曼·戈林', 'William Randolph Hearst', '鲁道夫·赫斯', 'Bobby Jones', 'Elizabeth Kaitan', 'Robert Ley', '查尔斯·A·林德伯格', '卡洛·朗白', '阿道夫·门吉欧', '汤姆·米克斯', '梅·奎斯特尔']",1983-07-15,['美国'],"['喜剧', '奇幻']",9.0,13391,https://img3.doubanio.com/view/photo/s_ratio_poster/public/p2119299252.webp,https://movie.douban.com/subject/1293846/
40,欢乐树的朋友们：第一滴血,"['沃伦·格拉夫', 'Liz Stuart', 'Rhode Montijo', '凯恩·纳瓦罗']",2002-02-18,"['美国', '英国']","['动画', '喜剧']",9.0,7332,https://img1.doubanio.com/view/subject/l/public/s1806727.jpg,https://movie.douban.com/subject/1393470/
41,木更津猫眼 世界系列,"['冈田准一', '樱井翔', '冈田义德', '佐藤隆太', '塚本高史', '酒井若菜', '森下爱子', '雷德吉田', '阿部隆史', '三宅弘城', '桐谷健太', '森下能幸', '渡边一计', '高田纯次', '小日向文世', '药师丸博子', '田岛大辅', '栗山千明', '山口智充', '古田新太', '平岩纸']",2006-10-28,['日本'],"['喜剧', '剧情']",9.0,3134,https://img9.doubanio.com/view/photo/s_ratio_poster/public/p764157116.webp,https://movie.douban.com/subject/1793394/
42,阿德曼动画精选：超级无敌掌门狗,[],1996-06-14,['英国'],"['喜剧', '动画']",9.0,2831,https://img3.doubanio.com/view/subject/l/public/s1480000.jpg,https://movie.douban.com/subject/1294132/
43,小不列颠：现场版,"['大卫·威廉姆斯', '马特·卢卡斯', '汤姆·贝克', '安东尼·海德', 'Paul Putner']",2006-11-13,['英国'],['喜剧'],9.0,2589,https://img1.doubanio.com/view/subject/l/public/s2752947.jpg,https://movie.douban.com/subject/1957937/
44,日本之形,"['齐木茂', '山咲千里', '片桐仁', '小林贤太郎']",2007-02-10,['日本'],['喜剧'],9.0,1606,https://img9.doubanio.com/view/photo/s_ratio_poster/public/p2558662745.webp,https://movie.douban.com/subject/2085511/
45,绿皮书,"['维果·莫腾森', '马赫沙拉·阿里', '琳达·卡德里尼', '塞巴斯蒂安·马尼斯科', '迪米特·D·马里诺夫', '迈克·哈顿', 'P·J·伯恩', '乔·柯蒂斯', '玛姬·尼克松', '冯·刘易斯', '乔恩·索特兰', '唐·斯达克', '安东尼·曼加诺', '保罗·斯隆', '珍娜·劳伦索', '肯尼斯·以色列', '伊克博·塞巴', '尼克·瓦莱隆加', '大卫·安', '迈克·切罗内', '杰拉尔丁·辛格', '马丁·巴特斯·布拉德福德', '格拉伦·布莱恩特·班克斯', '汤姆·维图', '夏恩·帕特洛', '丹尼斯·W·霍尔', '吉姆·克洛克', '戴恩·罗兹', '布赖恩·斯特帕尼克', '乔恩·迈克尔·戴维斯', '布莱恩·库瑞', '托尼亚·马尔多纳多', '加文·莱尔·弗雷', '奎恩·达菲', '哈里森·斯通', '比利·布里德', '莱斯利·卡斯泰', '克雷格·迪弗朗西亚', '托尼·查普曼·斯蒂尔', '伊桑·艾哈特', '詹姆斯·W·埃弗莫尔', 'Frank Vallelonga']",2019-03-01,['美国'],"['剧情', '喜剧', '传记']",8.9,1013872,https://img3.doubanio.com/view/photo/s_ratio_poster/public/p2549177902.webp,https://movie.douban.com/subject/27060077/
46,7号房的礼物,"['柳承龙', '朴信惠', '郑镇荣', '金正泰', '吴达洙', '朴元尚', '郑满植', '葛素媛', '卢康民', '吴昌庆', '赵德贤', '全宪泰', '崔录运', '金基天', ' 李柱灿', '吕茂英 ', '郑熙泰', '韩成勇', '赵在允', '郑涵妃', '尹善宇']",2013-01-23,['韩国'],"['剧情', '喜剧', '家庭']",8.9,347292,https://img9.doubanio.com/view/photo/s_ratio_poster/public/p1816276065.webp,https://movie.douban.com/subject/10777687/
47,玛丽和马克思,"['托妮·科莱特', '菲利普·塞默·霍夫曼', '巴瑞·哈姆弗莱斯', '艾瑞克·巴纳', '贝塔尼·维特莫尔', '蕾妮·盖耶', '伊恩·莫利·梅尔德伦', '朱莉·福塞斯', '约翰·弗劳思', '克里斯托弗·马西', '卡罗琳·莎士比亚-艾伦', '琳恩·史密斯', 'Michael Ienna']",2009-01-15,['澳大利亚'],"['剧情', '喜剧', '动画']",8.9,322547,https://img9.doubanio.com/view/photo/s_ratio_poster/public/p2162822165.webp,https://movie.douban.com/subject/3072124/
48,喜宴,"['赵文瑄', '郎雄', '归亚蕾', '金素梅', '米切尔·利希藤斯坦', '杨元提', '李淳', '李安', '迈克尔·加斯顿', '许永德', '汉娜·沙利文', '姚培德']",1993-08-04,"['中国台湾', '美国']","['剧情', '喜剧', '爱情', '同性', '家庭']",8.9,231121,https://img9.doubanio.com/view/photo/s_ratio_poster/public/p2173713676.webp,https://movie.douban.com/subject/1303037/
49,虎口脱险,"['路易·德·菲奈斯', '布尔维尔', '克劳迪奥·布鲁克', '安德丽·帕里西', '科莱特·布罗塞', '迈克·马歇尔', '玛丽·马凯', '皮埃尔·贝尔坦', '本诺·施特岑巴赫', '玛丽·杜布瓦', '特里-托马斯', '西戈德·拉普', '赖因哈德·科尔德霍夫', '赫尔穆特·施奈德', '保罗·普雷博伊斯特', '汉斯·迈尔', '居伊·格罗索', '米歇尔·莫多', '彼得·雅各布', '吕迪·勒努瓦', '诺埃尔·达扎尔', '皮埃尔·鲁塞尔', '皮埃尔·巴斯蒂安', '雅克·萨布隆', '玛格·阿夫里尔', '雅克·博杜因', '加布里埃尔·戈班', '保罗·梅塞', '亨利·热内斯', '严崇德', '尚华', '童自荣', '于鼎']",1966-12-08,"['法国', '英国']","['喜剧', '战争']",8.9,163200,https://img3.doubanio.com/view/photo/s_ratio_poster/public/p2399597512.webp,https://movie.douban.com/subject/1296909/
50,东京教父,"['江守彻', '梅垣义明', '冈本绫', '饭塚昭三', '加藤精三', '石丸博也', '槐柳二', '屋良有作', '寺濑今日子', '能登麻美子', '大塚明夫', '小山力也', '宇垣秀成', '小形满', '芝原智矢子', '竹口安芸子', '伊藤和晃', '古田信幸', '汤屋敦子', '堀川仁', '风间勇刀', '最上嗣生', '园部好德', '川濑晶子', '柴田理惠', '犬山犬子', '山寺宏一', '柚木凉香', '进藤尚美', '川原庆久', '麻生智久', '铃森勘司', '金田朋子', '藤原启治', '兴梠里美']",2003-11-08,['日本'],"['剧情', '喜剧', '动画']",8.9,92082,https://img1.doubanio.com/view/photo/s_ratio_poster/public/p456703618.webp,https://movie.douban.com/subject/1310177/
51,心理游戏,"['今田耕司', '藤井隆', '山口智充', '西凛太郎', '布鲁斯·洛克']",2004-08-07,['日本'],"['动画', '冒险', '喜剧', '悬疑']",8.9,25167,https://img9.doubanio.com/view/photo/s_ratio_poster/public/p453762724.webp,https://movie.douban.com/subject/1477916/
52,玉女风流,"['詹姆斯·卡格尼', '霍斯特·布赫霍尔茨', '帕梅拉·蒂芬', '艾琳·弗朗西斯', '霍华德·圣约翰', 'Hanns Lothar', 'Leon Askin', '劳夫·沃尔特', '卡尔·莱芬', '休伯特 · 冯 · 麦瑞肯', 'Peter Capell', 'Til Kiwe', 'Henning Schlüter', 'Karl Ludwig Lindt', '西戈·鲁曼', 'Helmut Schmid', 'Rose Renée Roth', '莱德·巴顿斯', 'Jaspar von Oertzen', 'Loïs Bolton', 'Werner Hessenland', 'Siegfrid Dornbusch', '莉泽洛特·普尔韦尔', 'Friedrich Hollaender', 'Max Buchsbaum', 'Otto Friebel', 'Paul Bös']",1961-12-15,['美国'],['喜剧'],8.9,10299,https://img1.doubanio.com/view/photo/s_ratio_poster/public/p1082838488.webp,https://movie.douban.com/subject/1298241/
53,七次机会,"['巴斯特·基顿', 'T.罗伊·巴尔内斯', '辛兹·爱德华', '露丝·德怀尔', '弗朗西丝·雷蒙德', '朱尔斯·考尔斯', '琪恩·亚瑟', 'Lori Bara', 'Bartine Burkett', 'Rosalind Byrne', 'Louise Carver', 'Doris Deane', 'Hazel Deane', 'Eugenia Gilbert', 'Rosa Gore', 'Marion Harlan', '让·C·阿韦', 'Judy King', '凯特·普莱斯', 'Julian Rivero', '康斯坦斯·塔尔梅奇', 'S.D. Wilcox']",1925-03-11,['美国'],"['喜剧', '爱情']",8.9,6160,https://img3.doubanio.com/view/photo/s_ratio_poster/public/p2321431402.webp,https://movie.douban.com/subject/1300352/
54,乱马1/2,"['山口胜平', '林原惠美', '日高法子', '子安武人', '井上和彦', '山寺宏一', '高山南', '井上喜久子', '绪方贤一', '佐久间玲', '铃置洋孝', '三矢雄二', '平松晶子', '辻谷耕史', '岛津冴子', '大林隆介', '种田文子']",1989,['日本'],"['动画', '喜剧', '奇幻', '爱情']",8.9,6143,https://img9.doubanio.com/view/photo/s_ratio_poster/public/p2257337165.webp,https://movie.douban.com/subject/1974733/
55,魔法阿妈,"['文英', '许杰辉', '丁力']",1998-04-03,['中国台湾'],"['喜剧', '动画', '奇幻']",8.9,5842,https://img1.doubanio.com/view/photo/s_ratio_poster/public/p2464404648.webp,https://movie.douban.com/subject/1299227/
56,我出生了，但……,"['斋藤达雄', '青木富夫', '菅原秀雄', '坂本武', '笠智众', '叶山正雄', '早见照代', '吉川满子']",1932-06-03,['日本'],"['喜剧', '剧情']",8.9,3840,https://img3.doubanio.com/view/photo/s_ratio_poster/public/p1964113703.webp,https://movie.douban.com/subject/1299360/
57,阿曼动画之超级无敌掌门狗系列1,[],1995-06-15,['英国'],"['喜剧', '动画']",8.9,2888,https://img3.doubanio.com/view/subject/l/public/s1445900.jpg,https://movie.douban.com/subject/1295529/
58,让子弹飞,"['姜文', '葛优', '周润发', '刘嘉玲', '陈坤', '张默', '姜武', '周韵', '廖凡', '姚橹', '邵兵', '苗圃', '冯小刚', '胡军', '马珂', '白冰', '杜奕衡', '李静', '胡明', '危笑', '杨奇雨', '赵铭', '姜洪齐', '岳红', '宣晓鸣', '吴昔果', '沙瑀', '陈磊', '文祥']",2010-12-16,"['中国大陆', '中国香港']","['剧情', '喜剧', '动作', '西部']",8.8,1107349,https://img1.doubanio.com/view/photo/s_ratio_poster/public/p1512562287.webp,https://movie.douban.com/subject/3742360/
59,布达佩斯大饭店,"['拉尔夫·费因斯', '托尼·雷沃罗利', '艾德里安·布洛迪', '威廉·达福', '裘德·洛', '爱德华·诺顿', '西尔莎·罗南', '蒂尔达·斯文顿', '比尔·默瑞', '蕾雅·赛杜', '欧文·威尔逊', '詹森·舒瓦兹曼', '马修·阿马立克', 'F·默里·亚伯拉罕', '汤姆·威尔金森', '杰夫·高布伦', '哈威·凯特尔', '弗洛里安·卢卡斯', '吉塞尔达·沃洛迪', '卡尔·马克维斯', '鲍勃·巴拉班', '费舍·史蒂芬斯', '华莱士·沃洛达斯基', '瓦里丝·阿卢瓦利亚', '丽萨·克鲁泽', '野村训市', '吴永庆', '拉里·派恩', '尼尔·哈夫', '汉勒斯·魏格纳', '加布里埃尔·拉什', '卢卡斯·赫奇斯']",2014-02-06,"['美国', '德国', '英国']","['剧情', '喜剧', '冒险']",8.8,605009,https://img3.doubanio.com/view/photo/s_ratio_poster/public/p2178872593.webp,https://movie.douban.com/subject/11525673/
60,低俗小说,"['约翰·特拉沃尔塔', '乌玛·瑟曼', '阿曼达·普拉莫', '蒂姆·罗斯', '塞缪尔·杰克逊', '菲尔·拉马', '布鲁斯·威利斯', '弗兰克·威利', '布尔·斯蒂尔斯', '文·瑞姆斯', '劳拉·拉芙蕾丝', '保罗·考尔德伦', '布罗娜·加拉赫', '罗姗娜·阿奎特', '埃里克·斯托尔兹', '玛丽亚·德·梅黛洛', '昆汀·塔伦蒂诺', '史蒂夫·布西密', '克里斯托弗·沃肯', '哈威·凯特尔', '彼得·格林纳', '安琪拉·琼斯', '阿尼·萨瓦', 'Stephen Hibbert']",1994-05-12,['美国'],"['剧情', '喜剧', '犯罪']",8.8,579329,https://img3.doubanio.com/view/photo/s_ratio_poster/public/p1910902213.webp,https://movie.douban.com/subject/1291832/
61,阳光姐妹淘,"['沈恩京', '闵孝琳', '姜素拉', '南宝拉', '陈熙琼', '金时厚', '柳好贞', '朴真珠', '金甫美', '千禹熙', '李璟荣', '金叡园', '金玺碧', '金元海', '金惠玉', '李俊赫', '金宣敬', '荷承里', '高俊', '成志娄', '高素熙', '杨喜京', '崔秀林', '柳惠琳', '洪真熙', '朴赫民', '楊朱虎']",2011-05-04,['韩国'],"['剧情', '喜剧']",8.8,440075,https://img1.doubanio.com/view/photo/s_ratio_poster/public/p1374786017.webp,https://movie.douban.com/subject/4917726/
62,幸福终点站,"['汤姆·汉克斯', '凯瑟琳·泽塔-琼斯', '斯坦利·图齐', '齐·麦克布赖德', '迭戈·卢纳', '巴里·沙巴卡·亨利', '库玛·帕拉纳', '佐伊·索尔达娜', '埃迪·琼斯', '祖德·塞克利拉', '科瑞·雷诺兹', '古列雷莫·迪亚兹', '里尼·贝尔', '瓦列里·尼古拉耶夫', '迈克尔·诺里', 'Bob Morrisey', '萨沙·斯皮尔伯格', '苏珊·索洛米', '卡尔利斯·布克', 'Stephon Fuller', '丹·芬纳蒂', 'Lydia Blanco', '肯尼斯·崔', '卡斯·安瓦尔', '康拉德·皮拉', '杜桑恩·杜基齐', '马克·伊瓦涅', 'Benny Golson', '斯科特·安第斯', '罗伯特·科瓦吕比亚', 'Dilva Henry', '卡尔艾拉切', 'Hayati Akbas', '艾力克斯·伯恩斯', '埃莱娜·卡多纳', 'Dan Chase', '查得·R·戴维斯', 'Antonella Elia', 'Michael Eliopoulos', 'Marston Fobbs', 'Riad Galayini', '杰拉德·加纳', 'Justin Rodgers Hall', 'Mohammed Hassan', 'Amber Havens', 'Ksenia Jarova', 'Barry Julien', 'Svilena Kidess', 'Zuzana Monroe', '艾丽西亚·奥奇瑟', '本杰明·奥切恩格', '梅尔·罗德里格斯', '阿尼·萨瓦']",2005-01-14,['美国'],"['喜剧', '剧情', '爱情']",8.8,369154,https://img1.doubanio.com/view/photo/s_ratio_poster/public/p854757687.webp,https://movie.douban.com/subject/1292274/
63,菊次郎的夏天,"['北野武', '关口雄介', '岸本加世子', '吉行和子', '细川典江', '大家由祐子', '磨赤儿', 'グレート義太夫', '井手博士', '今村鼠', '兼子二郎', '田中要次', '小岛可奈子', '诹访太朗']",1999-05-20,['日本'],"['剧情', '喜剧']",8.8,346856,https://img9.doubanio.com/view/photo/s_ratio_poster/public/p751835224.webp,https://movie.douban.com/subject/1293359/
64,玩具总动员3,"['汤姆·汉克斯', '蒂姆·艾伦', '琼·库萨克', '尼德·巴蒂', '唐·里克斯', '迈克尔·基顿', '裘蒂·班森', '童自荣', '罗里·艾伦', '乌比·戈德堡', '巴德·乐凯', '约翰·拉岑贝格', '伊瑞克·冯·迪滕', '泰迪·牛顿', '户田惠子', '李·厄米', '贝雅翠丝·米勒', '埃米莉·哈恩', '齐凡克·塔里图格', '理查德·坎德', '约翰·莫里斯', '雪莉·琳恩', '杰夫·格尔林', '古明华', '劳里·梅特卡夫', '提摩西·道尔顿', '邦尼·亨特', '华莱士·肖恩', '李·昂克里奇', '爱丝黛儿·哈里斯', '布莱克·克拉克', '杰克·安杰尔', '克里斯汀·沙尔', '玻伦·萨特', '唐泽寿明']",2010-06-16,['美国'],"['喜剧', '动画', '奇幻', '冒险']",8.8,340785,https://img1.doubanio.com/view/photo/s_ratio_poster/public/p1283675359.webp,https://movie.douban.com/subject/1858711/
65,荒蛮故事,"['达里奥·格兰迪内蒂', '玛丽娅·玛努尔', '莫妮卡·比利亚', '丽塔·科尔泰塞', '胡丽叶塔·泽尔贝伯格', '凯撒·博尔东', '莱昂纳多·斯巴拉格利亚', '沃尔特·多纳多', '里卡多·达林', '南希·杜普拉', '奥斯卡·马丁内兹', '玛莉亚·奥内托', '奥斯马·努涅斯', '赫尔曼·德·席尔瓦', '艾丽卡·里瓦斯', '地亚哥·詹蒂莱', '玛格丽塔·莫菲诺', '保拉 ·格林斯潘']",2014-05-17,"['阿根廷', '西班牙']","['剧情', '喜剧', '犯罪']",8.8,281426,https://img9.doubanio.com/view/photo/s_ratio_poster/public/p2231250054.webp,https://movie.douban.com/subject/24750126/
66,纵横四海,"['周润发', '张国荣', '钟楚红', '朱江', '曾江', '胡枫', '唐宁', '邓一君', '冯雪瑞', '韩俊', '胡大为']",1991-02-02,['中国香港'],"['剧情', '喜剧', '动作', '犯罪']",8.8,274831,https://img9.doubanio.com/view/photo/s_ratio_poster/public/p2272146906.webp,https://movie.douban.com/subject/1295409/
67,芝加哥,"['蕾妮·齐薇格', '凯瑟琳·泽塔-琼斯', '理查·基尔', '奎恩·拉提法', '约翰·C·赖利', '刘玉玲', '泰雅·迪格斯', '克里斯汀·芭伦斯基', '多米尼克·韦斯特', '杰恩·伊斯特伍德', '苏珊·米斯纳尔', '乔伊皮奇', '叶卡捷琳娜切特希尔卡诺娃']",2002-12-27,"['美国', '德国']","['喜剧', '歌舞', '犯罪']",8.8,108467,https://img3.doubanio.com/view/photo/s_ratio_poster/public/p2454020352.webp,https://movie.douban.com/subject/1307697/
68,坠入,"['凯婷卡·安塔鲁', '贾斯蒂恩·瓦戴尔', '李·佩斯', 'Kim Uylenbroek', 'Aiden Lithgow', '肖恩·吉尔德', 'Ronald France', 'Andrew Roussouw', 'Michael Huff', '格兰特·斯旺比', '埃米尔奥斯迪那', '罗宾·史密斯', 'Jeetu Verma', '里奥·比尔', 'Marcus Wesley', 'Camilla Waldman', '大卫·芬奇', '丹尼尔·卡尔塔吉罗内', '乔恩·凯曼', '朱利安·布里奇', 'Elvira Deatcu', '斯派克·琼斯']",2006-09-09,"['美国', '南非', '印度']","['剧情', '喜剧', '奇幻', '冒险']",8.8,76013,https://img9.doubanio.com/view/photo/s_ratio_poster/public/p568541514.webp,https://movie.douban.com/subject/1890572/
69,再见列宁,"['丹尼尔·布鲁尔', '卡特琳·萨斯', '丘尔潘·哈马托娃', '弗洛里安·卢卡斯', '亚历山大·拜尔', '迈克尔·根帕', '鲁迪·沃勒尔', '克劳斯·奥根塔勒', '吉多·布赫瓦尔德', '米哈伊尔·戈尔巴乔夫', 'Hanna Schwamborn', '于尔根·福格尔', '阿尔恩特·施韦林·索瑞', '汉斯·迪特里希·根舍', '布尔格哈特·克劳斯纳', '弗里茨罗斯', '玛丽亚·西蒙', '门南·雅博', '洛塔尔·马特乌斯']",2003-02-09,['德国'],"['剧情', '喜剧']",8.8,65904,https://img3.doubanio.com/view/photo/s_ratio_poster/public/p478546260.webp,https://movie.douban.com/subject/1292055/
70,共同警备区,"['李英爱', '李秉宪', '宋康昊', '金太祐', '申河均', 'Herbert Ulrich', '李瀚伟', '纪柱峰', '金太贤', '李代延', '林一圭', '金明秀', '權南熙', 'Myoeng-su Kim', '朴胜裴']",2000-09-09,['韩国'],"['剧情', '喜剧', '战争', '悬疑']",8.8,61939,https://img3.doubanio.com/view/photo/s_ratio_poster/public/p1603485241.webp,https://movie.douban.com/subject/1306664/
71,奇爱博士,"['彼得·塞勒斯', '乔治·C·斯科特', '斯特林·海登', '詹姆斯·厄尔·琼斯', '格伦·贝克', '特蕾西·里德', '谢恩·里默', '彼得·布尔', '斯利姆·佩金斯']",1964-01-29,"['美国', '英国']","['喜剧', '剧情']",8.8,61464,https://img3.doubanio.com/view/photo/s_ratio_poster/public/p835946292.webp,https://movie.douban.com/subject/1322848/
72,上帝也疯狂2,"['历苏', 'Lourens Swanepoel', 'Pierre van Pletzen', 'Erick Bowen', 'Treasure Tshabalala', 'Nadies', 'Eiros', 'Hans Strydom', 'Lena Farugia', 'Richard Loring']",1989-07-26,"['博茨瓦纳', '南非', '美国']",['喜剧'],8.8,48466,https://img1.doubanio.com/view/photo/s_ratio_poster/public/p1306760079.webp,https://movie.douban.com/subject/1294490/
73,我的邻居山田君,"['朝丘雪路', '益冈彻', '矢野显子', '宇野直美']",1999-07-17,['日本'],"['动画', '喜剧', '家庭']",8.8,43917,https://img1.doubanio.com/view/photo/s_ratio_poster/public/p462372509.webp,https://movie.douban.com/subject/1417728/
74,热情如火,"['玛丽莲·梦露', '托尼·柯蒂斯', '杰克·莱蒙', '乔治·拉夫特', '帕特·奥布莱恩', '乔·E·布朗', '内赫米亚·佩尔索夫', '琼·肖丽', '乔治·E·斯通', '戴夫·巴里', '迈克·马祖尔凯', '哈里·威尔逊', '贝弗利·威尔斯', '芭芭拉·德鲁', '小爱德华·G·罗宾逊']",1959-03-29,['美国'],['喜剧'],8.8,35871,https://img9.doubanio.com/view/photo/s_ratio_poster/public/p860250155.webp,https://movie.douban.com/subject/1292574/
75,与玛格丽特的午后,"['热拉尔·德帕迪约', '吉赛勒·卡扎德絮', '帕特里克·伯利奇', '弗朗索瓦-格扎维埃·德梅松', '莫拉娜', '让-弗朗索瓦·斯泰弗南', '克莱尔·莫里耶', '索菲·吉耶曼', '梅兰妮·贝尔内尔', '安妮吕丢尔勒克', '布鲁诺里奇', '莱耶·塞伦', '马蒂厄达昂']",2010-06-02,['法国'],['喜剧'],8.8,26129,https://img1.doubanio.com/view/photo/s_ratio_poster/public/p855075428.webp,https://movie.douban.com/subject/3796613/
76,办公室的故事,"['安德烈·米亚赫科夫', '阿丽萨·弗雷因德利赫', '斯维特拉娜·涅莫利亚耶娃', '奥列格·巴希拉什维利', '莉亚·阿赫扎科娃', '内莉·普绍娜娅', '玛丽亚·维诺格拉多娃', '彼得·谢尔巴科夫', 'Zoya Isayeva', '格奥尔基·布尔科夫', '柳德米拉·伊万诺娃']",1977-02-03,['苏联'],"['喜剧', '爱情']",8.8,15957,https://img9.doubanio.com/view/photo/s_ratio_poster/public/p2216166945.webp,https://movie.douban.com/subject/1302205/
77,邮差,"['菲利普·努瓦雷', '马西莫·特洛伊西', '玛丽亚·格拉齐亚·库奇诺塔', '雷纳托·斯卡帕', '琳达·莫雷蒂', 'Mariano Rigillo', '安娜·博纳奥图']",1994-09-01,"['意大利', '法国', '比利时']","['传记', '喜剧', '剧情', '爱情']",8.8,14254,https://img1.doubanio.com/view/photo/s_ratio_poster/public/p2537507687.webp,https://movie.douban.com/subject/1298468/
78,黄阿丽：小眼镜蛇,['黄阿丽'],2016-05-05,['美国'],['喜剧'],8.8,9980,https://img3.doubanio.com/view/photo/s_ratio_poster/public/p2345580382.webp,https://movie.douban.com/subject/26772763/
79,阿玛柯德,"['普佩拉·玛奇奥', '阿尔曼多·布兰恰', '玛加丽·诺尔', '奇乔·因格拉西亚', '南多·奥尔费伊', '布鲁诺·扎宁', '吉安菲利波·卡尔卡诺', '约瑟琳·坦齐利', '玛利亚·安东涅塔·贝卢齐', 'Antonino Faa Di Bruno', 'Aristide Caporale', '阿尔瓦罗·维塔利', 'Donatella Gambini', 'Dina Adorni', '保罗·巴罗尼', '布鲁诺·贝托奇', 'Marcello Bonini Olas', 'Dante Cleri', 'Mario Del Vago', '弗朗西斯科·马塞利', 'Eros Ramazzotti', 'Fides Stagni']",1973-12-18,"['意大利', '法国']","['剧情', '喜剧']",8.8,8564,https://img9.doubanio.com/view/photo/s_ratio_poster/public/p771183436.webp,https://movie.douban.com/subject/1298672/
80,黄色潜水艇,"['保罗·安吉利斯', '约翰·克莱夫', '迪克·埃默里', '杰弗里·休斯', '兰斯·珀西瓦尔']",1968-07-17,"['英国', '美国']","['喜剧', '动画', '奇幻', '冒险', '音乐']",8.8,8463,https://img3.doubanio.com/view/photo/s_ratio_poster/public/p1629215272.webp,https://movie.douban.com/subject/1305605/
81,安全至下,"['哈罗德·劳埃德', '米尔德丽德·戴维斯', '比尔·斯特罗瑟', '诺厄·扬', '韦斯科特·克拉克', 'Roy Brooks', 'Mickey Daniels', 'Richard Daniels', 'Ray Erlenborn', 'William Gillespie', 'Helen Gilmore', 'Wallace Howe', '杰姆斯-凯利', 'Gus Leonard', 'Sam Lufkin', 'Marie Mosquini', '弗雷德·C·纽迈尔', 'Charles Stevenson', 'Anna Townsend']",1923-04-01,['美国'],"['喜剧', '爱情', '惊悚']",8.8,6342,https://img3.doubanio.com/view/photo/s_ratio_poster/public/p1920360311.webp,https://movie.douban.com/subject/1303388/
82,从军记,"['查理·卓别林', '希德·卓别林', '艾德娜·珀薇安丝', '洛亚尔·安德伍德', '亨利·伯格曼', '汤姆·威尔森', '艾伯特·奥斯汀', '杰克·威尔逊']",1918-10-20,['美国'],"['喜剧', '战争']",8.8,4923,https://img3.doubanio.com/view/photo/s_ratio_poster/public/p905332012.webp,https://movie.douban.com/subject/1292897/
83,舞台春秋,"['查理·卓别林', '巴斯特·基顿', '克莱尔·布鲁姆', '奈杰尔·布鲁斯', '悉尼·卓别林', '杰拉丁·卓别林', '诺曼·劳埃德']",1952-10-16,['美国'],"['喜剧', '剧情', '音乐', '爱情']",8.8,3884,https://img9.doubanio.com/view/photo/s_ratio_poster/public/p2299155914.webp,https://movie.douban.com/subject/1296659/
84,小羊肖恩：美好时光,"['贾斯汀·弗莱彻', '约翰·斯帕克斯', '理查德·韦伯', '凯特·哈伯']",2010,['英国'],"['喜剧', '动画']",8.8,1767,https://img3.doubanio.com/view/photo/s_ratio_poster/public/p2271636103.webp,https://movie.douban.com/subject/4817020/
85,儿子,"['三国连太郎', '永濑正敏', '和久井映见', '原田美枝子', '田中隆三', '浅田美代子', '山口良一', '浅利香津代', '高峰凯希', '浜村淳', '梅津荣', '井上千蔵', '中本贤', '小仓一郎', '村田正雄', '松村达雄', '中村芽衣子', '音无美纪子', '奈良冈朋子', '佐藤B作', '碇矢长介', '田中邦卫']",1991-10-12,['日本'],"['剧情', '喜剧', '爱情', '家庭']",8.8,1577,https://img9.doubanio.com/view/photo/s_ratio_poster/public/p2153263566.webp,https://movie.douban.com/subject/1417545/
86,三毛学生意,"['于飞', '张雁', '范哈哈', '嫩娘', '刘侠声', '文彬彬']",1958,['中国大陆'],['喜剧'],8.8,1474,https://img1.doubanio.com/view/photo/s_ratio_poster/public/p2506341219.webp,https://movie.douban.com/subject/2357361/
87,寄生虫,"['宋康昊', '李善均', '赵汝贞', '崔宇植', '朴素丹', '李静恩', '张慧珍', '郑知晓', '朴明勋', '朴叙俊', '朴根祿', '郑贤俊', '朴孝新', '安德烈亚斯·弗龙克', '郑益汉', '李东勇', '李柱亨', '林艺恩']",2019-05-21,['韩国'],"['剧情', '喜剧']",8.7,907144,https://img3.doubanio.com/view/photo/s_ratio_poster/public/p2561439800.webp,https://movie.douban.com/subject/27010768/
88,天使爱美丽,"['奥黛丽·塔图', '马修·卡索维茨', '吕菲斯', '洛莱拉·克拉沃塔', '塞尔日·梅兰', '贾梅尔·杜布兹', '克洛蒂尔德·莫勒', '克莱尔·莫里耶', '伊莎贝尔·南蒂', '多米尼克·皮侬', '阿尔蒂斯·德·彭居埃恩', '友兰达·梦露', '于尔班·康塞利埃', '莫里斯·贝尼舒', '米歇尔·罗班', '安德烈·达芒', '克洛德·佩隆', '阿尔梅尔', '迪基·奥尔加多', 'Kevin Fernandes', '弗洛拉·吉耶', '阿莫里·巴博尔', '欧仁·贝蒂埃', '让·达里', '马克·阿米约', '安德烈·杜索里埃', '林原惠美', '姜广涛']",2001-04-25,"['法国', '德国']","['喜剧', '爱情']",8.7,746486,https://img3.doubanio.com/view/photo/s_ratio_poster/public/p2447590313.webp,https://movie.douban.com/subject/1292215/
89,超能陆战队,"['斯科特·安第斯', '瑞恩·波特', '丹尼尔·海尼', 'T·J·米勒', '杰米·钟', '小达蒙·韦恩斯', '珍尼希斯·罗德里格兹', '詹姆斯·克伦威尔', '艾伦·图代克', '玛娅·鲁道夫', '亚布拉哈姆·本鲁比', '凯蒂·洛斯', '比利·布什', '丹尼尔·吉尔森', '保罗·布里格斯', '斯坦·李', '查尔斯·阿德勒', '菅野美穗', '郝祥海', '乔西·特立尼达', 'Dan Howell', '大卫·肖内西', '夏洛特·古列齐']",2015-02-28,['美国'],"['喜剧', '动作', '科幻', '动画', '冒险']",8.7,674435,https://img1.doubanio.com/view/photo/s_ratio_poster/public/p2224568669.webp,https://movie.douban.com/subject/11026735/
90,喜剧之王,"['周星驰', '张柏芝', '莫文蔚', '吴孟达', '林子善', '田启文', '李兆基', '成龙', '李思捷', '郑文辉', '陈宝骏', '戴龙', '袁富华', '叶竞生', '徐志雄', '侯焕玲', '冯勉恒', '郑祖', '胡立成']",1999-02-13,['中国香港'],"['喜剧', '剧情', '爱情']",8.7,635335,https://img1.doubanio.com/view/photo/s_ratio_poster/public/p2579932167.webp,https://movie.douban.com/subject/1302425/
91,疯狂原始人,"['尼古拉斯·凯奇', '艾玛·斯通', '瑞恩·雷诺兹', '凯瑟琳·基纳', '克萝丽丝·利奇曼', '克拉克·杜克', '克里斯·桑德斯', '兰迪·汤姆', '范晓萱', '梁家辉']",2013-04-20,['美国'],"['喜剧', '动画', '冒险']",8.7,598886,https://img1.doubanio.com/view/photo/s_ratio_poster/public/p1867084027.webp,https://movie.douban.com/subject/1907966/
92,射雕英雄传之东成西就,"['梁朝伟', '林青霞', '张国荣', '叶玉卿', '张学友', '王祖贤', '张曼玉', '梁家辉', '刘嘉玲', '钟镇涛', '鲍起静', '司马华龙', '麦伟章', '尹尚林', '魏伯勤', '林芳雪']",1993-02-05,['中国香港'],"['喜剧', '奇幻', '武侠', '古装']",8.7,450163,https://img1.doubanio.com/view/photo/s_ratio_poster/public/p2535922598.webp,https://movie.douban.com/subject/1316510/
93,怪兽电力公司,"['约翰·古德曼', '比利·克里斯托', '玛丽·吉布斯', '史蒂夫·布西密', '詹姆斯·柯本', '詹妮弗·提莉', '鲍勃·彼德森', '约翰·拉岑贝格', '弗兰克·奥兹', '丹尼尔·吉尔森', '邦尼·亨特', '杰克·安杰尔', '塞缪尔·洛德·布莱克', '史蒂夫·萨斯坎德', '王伟忠', '胡立成', '雪莉·琳恩', '李立宏', '李·昂克里奇', '比尔·法玛尔', '华莱士·肖恩', '黄子佼']",2001-11-02,['美国'],"['儿童', '喜剧', '动画', '奇幻', '冒险']",8.7,438838,https://img1.doubanio.com/view/photo/s_ratio_poster/public/p2513247938.webp,https://movie.douban.com/subject/1291579/
94,头脑特工队,"['艾米·波勒', '菲利丝·史密斯', '理查德·坎德', '比尔·哈德尔', '刘易斯·布莱克', '敏迪·卡灵', '凯特林·迪亚斯', '戴安·琳恩', '凯尔·麦克拉克伦', '波拉·庞德斯通', '鲍比·莫尼汉', '宝拉·佩尔', '大卫·戈尔兹', '弗兰克·奥兹', '乔什·库雷', '弗利', '约翰·拉岑贝格', '卡洛斯·阿拉斯拉奇', '皮特·萨加尔', '拉什达·琼斯', '罗里·艾伦', '约翰·齐甘', '雪莉·琳恩', '拉瑞恩·纽曼', '帕丽斯·冯·戴克', '特蕾莎·甘泽尔', '鲍伯·伯根', '杰夫·奎卡', '张震', '山新', '佟心竹']",2015-10-06,['美国'],"['喜剧', '动画', '冒险']",8.7,401771,https://img9.doubanio.com/view/photo/s_ratio_poster/public/p2266293606.webp,https://movie.douban.com/subject/10533913/
95,时空恋旅人,"['多姆纳尔·格里森', '瑞秋·麦克亚当斯', '比尔·奈伊', '莉迪亚·威尔逊', '琳赛·邓肯', '理查德·科德里', '约书亚·麦圭尔', '汤姆·霍兰德', '玛格特·罗比', '维尔·梅里克', '凡妮莎·柯比', '汤姆·休斯', '哈利·海顿-佩顿', '米切尔·马伦', '丽莎·艾科恩', '珍妮·莱恩斯福德', '菲利普-沃斯', '凯瑟琳·斯戴曼', '汤姆·斯托顿', '安部春香', '李·阿斯奎斯-柯', '理查德·班克斯', '保罗·布莱克维尔', '贝恩·科拉科', '格拉姆·柯里', '罗薇娜·戴蒙德', '约翰·达根', '迪诺·法赞尼', '内芙·加切夫', '理查德·E·格兰特', '理查德·格雷弗斯', '李·尼古拉斯·哈里斯', '理查德·赫德曼', '李仙湖', '马修·C·马蒂诺', '马汀·麦格', '艾莉克丝摩尔', '艾薇·维', '艾莎·哈特', '黛博拉·罗桑', '弗朗西斯卡·祖琪妮', '朱莉·沃洛诺', '阿曼达·伦贝里', '尼可拉·芬恩']",2013-09-04,['英国'],"['喜剧', '爱情', '奇幻']",8.7,372094,https://img9.doubanio.com/view/photo/s_ratio_poster/public/p2070153774.webp,https://movie.douban.com/subject/10577869/
96,无敌破坏王,"['约翰·C·赖利', '萨拉·西尔弗曼', '杰克·麦克布瑞尔', '简·林奇', '艾伦·图代克', '敏迪·卡灵', '乔·洛·特鲁格里奥', '艾德·奥尼尔', '丹尼斯·海斯伯特', '伊迪·迈克莱尔', '雷蒙德·S·佩尔西', '杰斯·哈梅尔', '瑞秋·哈里斯', '斯盖拉·阿斯丁', '亚当·卡罗拉', '霍拉提奥·桑斯', '莫里斯·拉马奇', '斯戴芬妮·斯考特', '约翰·迪·马吉欧', '瑞奇·摩尔', '凯蒂·洛斯', '贾米·埃曼', '乔西·特立尼达', '辛贝·沃克', '塔克·吉莫尔', '布兰登·斯考特', '蒂姆·梅尔滕斯', '凯文·迪特斯', '杰洛·里佛斯', '马丁·贾维斯', '布莱恩·克辛格', '罗杰·克莱格·史密斯', '菲尔·约翰斯顿', '鲁本·兰登', '凯尔·赫伯特', '洁米·斯贝勒·罗伯茨', '尼克·格里姆肖', '胡军', '谢娜', '斯科特·门维尔']",2012-11-06,['美国'],"['喜剧', '动画', '奇幻', '冒险']",8.7,365504,https://img9.doubanio.com/view/photo/s_ratio_poster/public/p1735642656.webp,https://movie.douban.com/subject/6534248/
97,大佛普拉斯,"['庄益增', '陈竹昇', '戴立忍', '张少怀', '陈以文', '纳豆', '丁国琳', '李永丰', '朱约信', '雷婕熙', '林美秀', '小亮哥', '游安顺', '梁赫群', '脱线', '郑宇彤', '鲁文学']",2017-06-29,['中国台湾'],"['剧情', '喜剧', '犯罪']",8.7,255083,https://img3.doubanio.com/view/photo/s_ratio_poster/public/p2505928032.webp,https://movie.douban.com/subject/27059130/
98,上帝也疯狂,"['Marius Weyers', '历苏', 'Sandra Prinsloo', 'Louw Verwey', 'Michael Thys', 'Nic de Jager']",1980-09-10,"['博茨瓦纳', '南非']",['喜剧'],8.7,118850,https://img1.doubanio.com/view/photo/s_ratio_poster/public/p2173719647.webp,https://movie.douban.com/subject/1297478/
99,疯狂约会美丽都,"['Béatrice Bonifassi', '莉娜·布德罗', 'Michèle Caucheteux']",2003-06-11,"['法国', '比利时', '加拿大', '英国', '拉脱维亚']","['喜剧', '动画']",8.7,66467,https://img3.doubanio.com/view/photo/s_ratio_poster/public/p649728270.webp,https://movie.douban.com/subject/1291565/
100,河童之夏,"['富泽风斗', '横川贵大', '田中直树', '西田尚美', '松元环季', '植松夏希', '羽佐间道夫', '藤本让', '富田耕生', '一城美由希', '岩田安生', '稻叶实', '定冈小百合', '平野正人', '泷本富士子', '成田剑', '木村雅史 ', '大川透', '太田真一郎', '田中一成', '野上尤加奈', '纳谷六朗', '玄田哲章', '乡里大辅', '藤原启治', '矢岛晶子', '优希比吕', '子安武人', '阪口大助', '大西健晴', '川中子雅人', '山中真寻', '岛香裕', '中村千绘', '永岛由子', '宫本侑芽', '安达直人', '吉武怜朗', '日高里菜', '安原义人', '柳乐健一', '照屋年之']",2007-07-28,['日本'],"['喜剧', '动画', '奇幻']",8.7,62592,https://img9.doubanio.com/view/photo/s_ratio_poster/public/p1015305516.webp,https://movie.douban.com/subject/2982823/
